Date,Adj Close,Close,High,Low,Open,Volume
,MSFT,MSFT,MSFT,MSFT,MSFT,MSFT
2020-01-02,153.63067626953125,160.6199951171875,160.72999572753906,158.3300018310547,158.77999877929688,22622100
2020-01-03,151.71774291992188,158.6199951171875,159.9499969482422,158.05999755859375,158.32000732421875,21116200
2020-01-06,152.10987854003906,159.02999877929688,159.10000610351562,156.50999450683594,157.0800018310547,20813700
2020-01-07,150.72300720214844,157.5800018310547,159.6699981689453,157.32000732421875,159.32000732421875,21634100
2020-01-08,153.12376403808594,160.08999633789062,160.8000030517578,157.9499969482422,158.92999267578125,27746500
2020-01-09,155.03672790527344,162.08999633789062,162.22000122070312,161.02999877929688,161.83999633789062,21385000
2020-01-10,154.3193817138672,161.33999633789062,163.22000122070312,161.17999267578125,162.82000732421875,20725900
2020-01-13,156.17494201660156,163.27999877929688,163.30999755859375,161.25999450683594,161.75999450683594,21626500
2020-01-14,155.074951171875,162.1300048828125,163.60000610351562,161.72000122070312,163.38999938964844,23477400
2020-01-15,156.07928466796875,163.17999267578125,163.94000244140625,162.57000732421875,162.6199951171875,21417900
2020-01-16,158.93919372558594,166.1699981689453,166.24000549316406,164.02999877929688,164.35000610351562,23865400
2020-01-17,159.82870483398438,167.10000610351562,167.47000122070312,165.42999267578125,167.4199981689453,34371700
2020-01-21,159.2548065185547,166.5,168.19000244140625,166.42999267578125,166.67999267578125,29517200
2020-01-22,158.48963928222656,165.6999969482422,167.49000549316406,165.67999267578125,167.39999389648438,24138800
2020-01-23,159.46527099609375,166.72000122070312,166.8000030517578,165.27000427246094,166.19000244140625,19680800
2020-01-24,157.85833740234375,165.0399932861328,167.52999877929688,164.4499969482422,167.50999450683594,24918100
2020-01-27,155.21847534179688,162.27999877929688,163.3800048828125,160.1999969482422,161.14999389648438,32078100
2020-01-28,158.2600555419922,165.4600067138672,165.75999450683594,163.07000732421875,163.77999877929688,24899900
2020-01-29,160.727783203125,168.0399932861328,168.75,165.69000244140625,167.83999633789062,34754500
2020-01-30,165.26158142089844,172.77999877929688,174.0500030517578,170.7899932861328,174.0500030517578,51597500
2020-01-31,162.82252502441406,170.22999572753906,172.39999389648438,169.5800018310547,172.2100067138672,36142700
2020-02-03,166.79193115234375,174.3800048828125,174.5,170.39999389648438,170.42999267578125,30107000
2020-02-04,172.2821502685547,180.1199951171875,180.63999938964844,176.30999755859375,177.13999938964844,36433300
2020-02-05,172.07174682617188,179.89999389648438,184.1999969482422,178.41000366210938,184.02999877929688,39186300
2020-02-06,175.63941955566406,183.6300048828125,183.82000732421875,180.05999755859375,180.97000122070312,27751400
2020-02-07,175.88809204101562,183.88999938964844,185.6300048828125,182.47999572753906,182.85000610351562,33529100
2020-02-10,180.48876953125,188.6999969482422,188.83999633789062,183.25,183.5800018310547,35844300
2020-02-11,176.41415405273438,184.44000244140625,190.6999969482422,183.5,190.64999389648438,53159900
2020-02-12,176.67242431640625,184.7100067138672,185.85000610351562,181.85000610351562,185.5800018310547,47062900
2020-02-13,175.71595764160156,183.7100067138672,186.22999572753906,182.8699951171875,183.0800018310547,35295800
2020-02-14,177.2845916748047,185.35000610351562,185.41000366210938,182.64999389648438,183.25,23149500
2020-02-18,179.08277893066406,187.22999572753906,187.6999969482422,185.5,185.61000061035156,27792200
2020-02-19,179.619873046875,187.27999877929688,188.17999267578125,186.47000122070312,188.05999755859375,29997500
2020-02-20,176.87686157226562,184.4199981689453,187.25,181.10000610351562,186.9499969482422,36862400
2020-02-21,171.28524780273438,178.58999633789062,183.5,177.25,183.1699981689453,48572600
2020-02-24,163.9002227783203,170.88999938964844,174.5500030517578,163.22999572753906,167.77000427246094,68311100
2020-02-25,161.1956024169922,168.07000732421875,174.83999633789062,167.64999389648438,174.1999969482422,68073300
2020-02-26,163.20970153808594,170.1699981689453,173.25999450683594,168.2100067138672,169.7100067138672,56206100
2020-02-27,151.71009826660156,158.17999267578125,167.02999877929688,157.97999572753906,163.32000732421875,93174900
2020-02-28,155.38345336914062,162.00999450683594,163.7100067138672,152.0,152.41000366210938,97012700
2020-03-02,165.72251892089844,172.7899932861328,172.9199981689453,162.30999755859375,165.30999755859375,71030800
2020-03-03,157.78118896484375,164.50999450683594,175.0,162.25999450683594,173.8000030517578,71677000
2020-03-04,163.57420349121094,170.5500030517578,170.6999969482422,165.6199951171875,168.49000549316406,49814400
2020-03-05,159.46923828125,166.27000427246094,170.8699951171875,165.69000244140625,166.0500030517578,47817300
2020-03-06,154.96145629882812,161.57000732421875,163.11000061035156,156.0,162.61000061035156,72821100
2020-03-09,144.45933532714844,150.6199951171875,157.75,150.0,151.0,70419300
2020-03-10,154.3380584716797,160.9199981689453,161.02999877929688,152.5800018310547,158.16000366210938,65354400
2020-03-11,147.3462371826172,153.6300048828125,157.6999969482422,151.14999389648438,157.1300048828125,56371600
2020-03-12,133.3721466064453,139.05999755859375,153.47000122070312,138.5800018310547,145.3000030517578,93226400
2020-03-13,152.33352661132812,158.8300018310547,161.91000366210938,140.72999572753906,147.5,92727400
2020-03-16,129.88104248046875,135.4199981689453,149.35000610351562,135.0,140.0,87905900
2020-03-17,140.5750274658203,146.57000732421875,147.5,135.0,140.0,81059800
2020-03-18,134.6573486328125,140.39999389648438,146.0,135.02000427246094,138.0,81593200
2020-03-19,136.87289428710938,142.7100067138672,150.14999389648438,139.0,142.77000427246094,85922700
2020-03-20,131.73211669921875,137.35000610351562,147.10000610351562,135.86000061035156,146.0,84866200
2020-03-23,130.41815185546875,135.97999572753906,140.57000732421875,132.52000427246094,137.00999450683594,78975200
2020-03-24,142.27259826660156,148.33999633789062,149.60000610351562,141.27000427246094,143.75,82516700
2020-03-25,140.91064453125,146.9199981689453,154.3300018310547,144.44000244140625,148.91000366210938,75638200
2020-03-26,149.7247772216797,156.11000061035156,156.66000366210938,148.3699951171875,148.39999389648438,64568100
2020-03-27,143.57699584960938,149.6999969482422,154.88999938964844,149.1999969482422,151.75,57042300
2020-03-30,153.67626953125,160.22999572753906,160.60000610351562,150.00999450683594,152.44000244140625,63420300
2020-03-31,151.2593536376953,157.7100067138672,164.77999877929688,156.55999755859375,159.39999389648438,77927200
2020-04-01,145.88839721679688,152.11000061035156,157.75,150.82000732421875,153.0,57969900
2020-04-02,148.90956115722656,155.25999450683594,155.47999572753906,150.36000061035156,151.86000061035156,49630700
2020-04-03,147.5380401611328,153.8300018310547,157.3800048828125,152.19000244140625,155.10000610351562,41243300
2020-04-06,158.5101318359375,165.27000427246094,166.5,157.5800018310547,160.32000732421875,67111700
2020-04-07,156.802978515625,163.49000549316406,170.0,163.25999450683594,169.58999633789062,62769000
2020-04-08,158.37583923339844,165.1300048828125,166.6699981689453,163.5,165.6699981689453,48318200
2020-04-09,158.3854522705078,165.13999938964844,167.3699951171875,163.3300018310547,166.36000061035156,51385100
2020-04-13,158.74029541015625,165.50999450683594,165.57000732421875,162.3000030517578,164.35000610351562,41905300
2020-04-14,166.59532165527344,173.6999969482422,173.75,168.0,169.0,52874300
2020-04-15,164.84974670410156,171.8800048828125,173.57000732421875,169.24000549316406,171.1999969482422,40940800
2020-04-16,169.7987060546875,177.0399932861328,177.27999877929688,172.89999389648438,174.3000030517578,50479600
2020-04-17,171.294921875,178.60000610351562,180.0,175.8699951171875,179.5,52765600
2020-04-20,167.89968872070312,175.05999755859375,178.75,174.99000549316406,176.6300048828125,36669600
2020-04-21,160.95582580566406,167.82000732421875,173.6699981689453,166.11000061035156,173.5,56203700
2020-04-22,166.42269897460938,173.52000427246094,174.0,170.82000732421875,171.38999938964844,34620200
2020-04-23,164.40859985351562,171.4199981689453,175.05999755859375,170.91000366210938,174.11000061035156,32790800
2020-04-24,167.41055297851562,174.5500030517578,174.55999755859375,170.7100067138672,172.05999755859375,34277600
2020-04-27,166.9310302734375,174.0500030517578,176.89999389648438,173.3000030517578,176.58999633789062,33194400
2020-04-28,162.86441040039062,169.80999755859375,175.6699981689453,169.38999938964844,175.58999633789062,34392700
2020-04-29,170.17274475097656,177.42999267578125,177.67999267578125,171.8800048828125,173.22000122070312,51286600
2020-04-30,171.87997436523438,179.2100067138672,180.39999389648438,176.22999572753906,180.0,53875900
2020-05-01,167.42974853515625,174.57000732421875,178.63999938964844,174.00999450683594,175.8000030517578,39370500
2020-05-04,171.5250701904297,178.83999633789062,179.0,173.8000030517578,174.49000549316406,30372900
2020-05-05,173.36656188964844,180.75999450683594,183.64999389648438,179.89999389648438,180.6199951171875,36839200
2020-05-06,175.0736846923828,182.5399932861328,184.1999969482422,181.6300048828125,182.0800018310547,32139300
2020-05-07,176.0904083251953,183.60000610351562,184.5500030517578,182.5800018310547,184.1699981689453,28316000
2020-05-08,177.126220703125,184.67999267578125,185.0,183.36000061035156,184.97999572753906,30877800
2020-05-11,179.10195922851562,186.74000549316406,187.50999450683594,182.85000610351562,183.14999389648438,30892700
2020-05-12,175.0449676513672,182.50999450683594,187.0399932861328,182.3000030517578,186.8000030517578,32038200
2020-05-13,172.3978271484375,179.75,184.0500030517578,176.5399932861328,182.5500030517578,44711500
2020-05-14,173.14596557617188,180.52999877929688,180.69000244140625,175.67999267578125,177.5399932861328,41873900
2020-05-15,175.66839599609375,183.16000366210938,187.05999755859375,177.0,179.05999755859375,46610400
2020-05-18,177.3468017578125,184.91000366210938,186.1999969482422,183.9600067138672,185.75,35264500
2020-05-19,176.11915588378906,183.6300048828125,186.60000610351562,183.49000549316406,185.02999877929688,26799100
2020-05-20,178.5620574951172,185.66000366210938,185.85000610351562,183.94000244140625,184.80999755859375,31261300
2020-05-21,176.41732788085938,183.42999267578125,186.6699981689453,183.2899932861328,185.39999389648438,29119500
2020-05-22,176.49424743652344,183.50999450683594,184.4600067138672,182.5399932861328,183.19000244140625,20826900
2020-05-26,174.62844848632812,181.57000732421875,186.5,181.10000610351562,186.33999633789062,36073600
2020-05-27,174.85926818847656,181.80999755859375,181.99000549316406,176.60000610351562,180.1999969482422,39517100
2020-05-28,174.4648895263672,181.39999389648438,184.14999389648438,180.3800048828125,180.74000549316406,33810200
2020-05-29,176.2441864013672,183.25,184.27000427246094,180.41000366210938,182.72999572753906,42130400
2020-06-01,175.84027099609375,182.8300018310547,183.0,181.4600067138672,182.5399932861328,22622400
2020-06-02,177.84071350097656,184.91000366210938,185.0,181.35000610351562,184.25,30794600
2020-06-03,178.27349853515625,185.36000061035156,185.94000244140625,183.5800018310547,184.82000732421875,27311000
2020-06-04,175.9268035888672,182.9199981689453,185.83999633789062,182.3000030517578,184.3000030517578,28761800
2020-06-05,180.0431671142578,187.1999969482422,187.72999572753906,182.00999450683594,182.6199951171875,39893600
2020-06-08,181.15884399414062,188.36000061035156,188.5500030517578,184.44000244140625,185.94000244140625,33211600
2020-06-09,182.5437774658203,189.8000030517578,190.6999969482422,187.25999450683594,188.0,29783900
2020-06-10,189.3146514892578,196.83999633789062,198.52000427246094,191.00999450683594,191.1300048828125,43872300
2020-06-11,179.1487579345703,186.27000427246094,195.75999450683594,186.07000732421875,193.1300048828125,52854700
2020-06-12,180.56251525878906,187.74000549316406,191.72000122070312,185.17999267578125,190.5399932861328,43373600
2020-06-15,181.71665954589844,188.94000244140625,190.82000732421875,184.00999450683594,184.5800018310547,32770200
2020-06-16,186.16966247558594,193.57000732421875,195.5800018310547,191.4600067138672,192.88999938964844,42556700
2020-06-17,186.81405639648438,194.24000549316406,196.32000732421875,193.69000244140625,195.02999877929688,25687800
2020-06-18,188.8144989013672,196.32000732421875,196.49000549316406,194.0,194.0,23061600
2020-06-19,187.689208984375,195.14999389648438,199.2899932861328,194.3699951171875,198.58999633789062,44441100
2020-06-22,192.9020233154297,200.57000732421875,200.75999450683594,195.22999572753906,195.7899932861328,32818900
2020-06-23,194.1908416748047,201.91000366210938,203.9499969482422,201.42999267578125,202.08999633789062,30917400
2020-06-24,190.27638244628906,197.83999633789062,203.25,196.55999755859375,201.60000610351562,36740600
2020-06-25,192.6808319091797,200.33999633789062,200.61000061035156,195.47000122070312,197.8000030517578,27803900
2020-06-26,188.82415771484375,196.3300018310547,199.88999938964844,194.8800048828125,199.72999572753906,54675800
2020-06-29,190.85345458984375,198.44000244140625,198.52999877929688,193.5500030517578,195.77999877929688,26701600
2020-06-30,195.7296142578125,203.50999450683594,204.39999389648438,197.74000549316406,197.8800048828125,34310300
2020-07-01,196.87416076660156,204.6999969482422,206.35000610351562,201.77000427246094,203.13999938964844,32061200
2020-07-02,198.37451171875,206.25999450683594,208.02000427246094,205.0,205.67999267578125,29315800
2020-07-06,202.64471435546875,210.6999969482422,211.1300048828125,208.08999633789062,208.8300018310547,31897600
2020-07-07,200.2884063720703,208.25,214.6699981689453,207.99000549316406,210.4499969482422,33600700
2020-07-08,204.693359375,212.8300018310547,213.25999450683594,208.69000244140625,210.07000732421875,33600000
2020-07-09,206.12637329101562,214.32000732421875,216.3800048828125,211.47000122070312,216.3300018310547,33121700
2020-07-10,205.5011749267578,213.6699981689453,214.0800018310547,211.0800018310547,213.6199951171875,26177600
2020-07-13,199.15354919433594,207.07000732421875,215.8000030517578,206.5,214.47999572753906,38135600
2020-07-14,200.38461303710938,208.35000610351562,208.85000610351562,202.02999877929688,206.1300048828125,37591800
2020-07-15,200.08645629882812,208.0399932861328,211.3300018310547,205.02999877929688,209.55999755859375,32179400
2020-07-16,196.12396240234375,203.9199981689453,205.6999969482422,202.30999755859375,205.39999389648438,29940700
2020-07-17,195.1237030029297,202.8800048828125,205.0399932861328,201.38999938964844,204.47000122070312,31635300
2020-07-20,203.51034545898438,211.60000610351562,212.3000030517578,203.00999450683594,205.0,36884800
2020-07-21,200.7693328857422,208.75,213.94000244140625,208.02999877929688,213.66000366210938,37990400
2020-07-22,203.65460205078125,211.75,212.3000030517578,208.38999938964844,209.1999969482422,49605700
2020-07-23,194.79672241210938,202.5399932861328,210.9199981689453,202.14999389648438,207.19000244140625,67457000
2020-07-24,193.60414123535156,201.3000030517578,202.86000061035156,197.50999450683594,200.4199981689453,39827000
2020-07-27,196.056640625,203.85000610351562,203.97000122070312,200.86000061035156,201.47000122070312,30160900
2020-07-28,194.296630859375,202.02000427246094,204.6999969482422,201.74000549316406,203.61000061035156,23251400
2020-07-29,196.2585906982422,204.05999755859375,204.64999389648438,202.00999450683594,202.5,19632600
2020-07-30,196.10472106933594,203.89999389648438,204.4600067138672,199.57000732421875,201.0,25079600
2020-07-31,197.1722869873047,205.00999450683594,205.10000610351562,199.00999450683594,204.39999389648438,51044000
2020-08-03,208.26148986816406,216.5399932861328,217.63999938964844,210.44000244140625,211.52000427246094,78983000
2020-08-04,205.13572692871094,213.2899932861328,214.77000427246094,210.30999755859375,214.1699981689453,49280100
2020-08-05,204.7991180419922,212.94000244140625,215.0,211.57000732421875,214.89999389648438,28806400
2020-08-06,208.07876586914062,216.35000610351562,216.3699951171875,211.5500030517578,212.33999633789062,32656800
2020-08-07,204.35667419433594,212.47999572753906,215.6999969482422,210.92999267578125,214.85000610351562,27820400
2020-08-10,200.2884063720703,208.25,211.8800048828125,206.35000610351562,211.6699981689453,36716500
2020-08-11,195.60459899902344,203.3800048828125,207.64999389648438,203.13999938964844,207.16000366210938,36446500
2020-08-12,201.19248962402344,209.19000244140625,210.27999877929688,204.75,205.2899932861328,28013100
2020-08-13,200.72122192382812,208.6999969482422,211.35000610351562,208.14999389648438,209.44000244140625,22588900
2020-08-14,200.91357421875,208.89999389648438,209.58999633789062,207.50999450683594,208.75999450683594,17958900
2020-08-17,202.2407989501953,210.27999877929688,211.19000244140625,208.9199981689453,209.60000610351562,20184800
2020-08-18,203.40455627441406,211.49000549316406,212.36000061035156,209.2100067138672,210.52999877929688,21336200
2020-08-19,202.17051696777344,209.6999969482422,212.10000610351562,209.25,211.49000549316406,27627600
2020-08-20,206.87530517578125,214.5800018310547,215.0,208.91000366210938,209.5399932861328,26981500
2020-08-21,205.37130737304688,213.02000427246094,216.25,212.85000610351562,213.86000061035156,36249300
2020-08-24,206.0172882080078,213.69000244140625,215.52000427246094,212.42999267578125,214.7899932861328,25460100
2020-08-25,208.6974334716797,216.47000122070312,216.61000061035156,213.10000610351562,213.10000610351562,23043700
2020-08-26,213.2094268798828,221.14999389648438,222.08999633789062,217.36000061035156,217.8800048828125,39600800
2020-08-27,218.44442749023438,226.5800018310547,231.14999389648438,219.39999389648438,222.88999938964844,57602200
2020-08-28,220.6907958984375,228.91000366210938,230.63999938964844,226.5800018310547,228.17999267578125,26292900
2020-08-31,217.43212890625,225.52999877929688,228.6999969482422,224.30999755859375,227.0,28774200
2020-09-01,219.1096649169922,227.27000427246094,227.4499969482422,224.42999267578125,225.50999450683594,25725500
2020-09-02,223.3323974609375,231.64999389648438,232.86000061035156,227.35000610351562,227.97000122070312,34080800
2020-09-03,209.49761962890625,217.3000030517578,229.30999755859375,214.9600067138672,229.27000427246094,58400300
2020-09-04,206.55715942382812,214.25,218.36000061035156,205.19000244140625,215.10000610351562,59664100
2020-09-08,195.38330078125,202.66000366210938,210.02999877929688,202.1999969482422,206.5,52924300
2020-09-09,203.70343017578125,211.2899932861328,214.83999633789062,206.6999969482422,207.60000610351562,45679000
2020-09-10,197.9959716796875,205.3699951171875,214.74000549316406,204.11000061035156,213.39999389648438,35461500
2020-09-11,196.70408630371094,204.02999877929688,208.6300048828125,201.24000549316406,207.1999969482422,33620100
2020-09-14,198.0345458984375,205.41000366210938,209.1999969482422,204.02999877929688,204.24000549316406,30375800
2020-09-15,201.28355407714844,208.77999877929688,209.77999877929688,206.92999267578125,208.4199981689453,21823900
2020-09-16,197.68748474121094,205.0500030517578,210.64999389648438,204.63999938964844,210.6199951171875,26328100
2020-09-17,195.62432861328125,202.91000366210938,204.3300018310547,199.9600067138672,200.0500030517578,34011300
2020-09-18,193.19479370117188,200.38999938964844,203.64999389648438,196.25,202.8000030517578,55225300
2020-09-21,195.26759338378906,202.5399932861328,202.7100067138672,196.3800048828125,197.19000244140625,39839700
2020-09-22,199.97239685058594,207.4199981689453,208.10000610351562,202.0800018310547,205.05999755859375,33517100
2020-09-23,193.3876190185547,200.58999633789062,208.10000610351562,200.02999877929688,207.89999389648438,30803800
2020-09-24,195.894287109375,203.19000244140625,205.57000732421875,199.1999969482422,199.85000610351562,31202500
2020-09-25,200.3580322265625,207.82000732421875,209.0399932861328,202.5399932861328,203.5500030517578,29437300
2020-09-28,201.91986083984375,209.44000244140625,212.57000732421875,208.05999755859375,210.8800048828125,32004900
2020-09-29,199.81814575195312,207.25999450683594,210.07000732421875,206.80999755859375,209.35000610351562,24221900
2020-09-30,202.7779083251953,210.3300018310547,211.97999572753906,206.5399932861328,207.72999572753906,33829100
2020-10-01,204.83143615722656,212.4600067138672,213.99000549316406,211.32000732421875,213.49000549316406,27158400
2020-10-02,198.7865753173828,206.19000244140625,210.99000549316406,205.5399932861328,208.0,33154800
2020-10-05,202.82611083984375,210.3800048828125,210.41000366210938,206.97999572753906,207.22000122070312,21331600
2020-10-06,198.51658630371094,205.91000366210938,210.17999267578125,204.82000732421875,208.82000732421875,28554300
2020-10-07,202.2958526611328,209.8300018310547,210.11000061035156,206.72000122070312,207.05999755859375,25681100
2020-10-08,203.01890563964844,210.5800018310547,211.19000244140625,208.32000732421875,210.50999450683594,19925800
2020-10-09,208.06112670898438,215.80999755859375,215.86000061035156,211.22999572753906,211.22999572753906,26458000
2020-10-12,213.45042419433594,221.39999389648438,223.86000061035156,216.80999755859375,218.7899932861328,40461400
2020-10-13,214.8579864501953,222.86000061035156,225.2100067138672,220.42999267578125,222.72000122070312,28950800
2020-10-14,212.9298095703125,220.86000061035156,224.22000122070312,219.1300048828125,223.0,23421700
2020-10-15,211.7728729248047,219.66000366210938,220.36000061035156,216.00999450683594,217.10000610351562,22733100
2020-10-16,211.7728729248047,219.66000366210938,222.2899932861328,219.32000732421875,220.14999389648438,26057900
2020-10-19,206.52821350097656,214.22000122070312,222.3000030517578,213.72000122070312,220.4199981689453,27625800
2020-10-20,206.94276428222656,214.64999389648438,217.3699951171875,213.08999633789062,215.8000030517578,22753500
2020-10-21,207.08738708496094,214.8000030517578,216.9199981689453,213.1199951171875,213.1199951171875,22724900
2020-10-22,207.17416381835938,214.88999938964844,216.05999755859375,211.6999969482422,213.92999267578125,22351500
2020-10-23,208.466064453125,216.22999572753906,216.27999877929688,213.16000366210938,215.02999877929688,18879600
2020-10-26,202.536865234375,210.0800018310547,216.33999633789062,208.10000610351562,213.85000610351562,37111600
2020-10-27,205.59304809570312,213.25,214.6699981689453,210.3300018310547,211.58999633789062,36700300
2020-10-28,195.402587890625,202.67999267578125,208.83999633789062,202.10000610351562,207.6699981689453,51195600
2020-10-29,197.3693084716797,204.72000122070312,207.36000061035156,203.3699951171875,204.07000732421875,31432600
2020-10-30,195.2001495361328,202.47000122070312,204.2899932861328,199.6199951171875,203.5,36953700
2020-11-02,195.06512451171875,202.3300018310547,205.27999877929688,200.1199951171875,204.2899932861328,30842200
2020-11-03,199.01792907714844,206.42999267578125,208.1199951171875,203.1199951171875,203.88999938964844,27512000
2020-11-04,208.62030029296875,216.38999938964844,218.32000732421875,212.4199981689453,214.02000427246094,42311800
2020-11-05,215.27256774902344,223.2899932861328,224.1199951171875,221.14999389648438,222.0399932861328,36080100
2020-11-06,215.68711853027344,223.72000122070312,224.36000061035156,218.02999877929688,222.25999450683594,25231900
2020-11-09,210.54852294921875,218.38999938964844,228.1199951171875,217.8800048828125,224.44000244140625,44395000
2020-11-10,203.43344116210938,211.00999450683594,216.5,209.72000122070312,214.5,44045100
2020-11-11,208.77455139160156,216.5500030517578,218.0399932861328,212.1999969482422,212.38999938964844,29440800
2020-11-12,207.70440673828125,215.44000244140625,219.11000061035156,214.4600067138672,217.2100067138672,21593900
2020-11-13,208.7360076904297,216.50999450683594,217.4199981689453,214.16000366210938,216.36000061035156,18621100
2020-11-16,209.43016052246094,217.22999572753906,217.74000549316406,214.52000427246094,214.8699951171875,24953300
2020-11-17,206.75962829589844,214.4600067138672,217.67999267578125,214.0800018310547,216.10000610351562,24154100
2020-11-18,204.0337371826172,211.0800018310547,215.1699981689453,210.92999267578125,213.64999389648438,28372800
2020-11-19,205.32899475097656,212.4199981689453,213.02999877929688,209.92999267578125,211.3800048828125,24792700
2020-11-20,203.36679077148438,210.38999938964844,213.2899932861328,210.0,212.1999969482422,22843100
2020-11-23,203.0961151123047,210.11000061035156,212.2899932861328,208.16000366210938,210.9499969482422,25683500
2020-11-24,206.72093200683594,213.86000061035156,214.25,208.86000061035156,209.58999633789062,33979700
2020-11-25,206.73062133789062,213.8699951171875,215.2899932861328,212.4600067138672,215.11000061035156,21012900
2020-11-27,208.04519653320312,215.22999572753906,216.27000427246094,214.0399932861328,214.85000610351562,14512200
2020-11-30,206.9239501953125,214.07000732421875,214.75999450683594,210.83999633789062,214.10000610351562,33064800
2020-12-01,208.99249267578125,216.2100067138672,217.32000732421875,213.35000610351562,214.50999450683594,30904500
2020-12-02,208.18052673339844,215.3699951171875,215.47000122070312,212.8000030517578,214.8800048828125,23724500
2020-12-03,207.08827209472656,214.24000549316406,216.3800048828125,213.64999389648438,214.61000061035156,25120900
2020-12-04,207.20423889160156,214.36000061035156,215.3800048828125,213.17999267578125,214.22000122070312,24666000
2020-12-07,207.13658142089844,214.2899932861328,215.5399932861328,212.99000549316406,214.3699951171875,24620000
2020-12-08,208.7991485595703,216.00999450683594,216.9499969482422,212.88999938964844,213.97000122070312,23284100
2020-12-09,204.7296905517578,211.8000030517578,215.22999572753906,211.2100067138672,215.16000366210938,32440600
2020-12-10,203.492431640625,210.52000427246094,213.0800018310547,210.36000061035156,211.77000427246094,26733300
2020-12-11,206.14097595214844,213.25999450683594,213.32000732421875,209.11000061035156,210.0500030517578,30979400
2020-12-14,207.04959106445312,214.1999969482422,216.2100067138672,212.8800048828125,213.10000610351562,28798400
2020-12-15,206.98194885253906,214.1300048828125,215.4199981689453,212.24000549316406,215.1699981689453,27000600
2020-12-16,211.95999145507812,219.27999877929688,220.11000061035156,214.72000122070312,214.75,35023300
2020-12-17,212.09536743164062,219.4199981689453,220.88999938964844,217.9199981689453,219.8699951171875,32515800
2020-12-18,211.29302978515625,218.58999633789062,219.69000244140625,216.02000427246094,218.58999633789062,63354900
2020-12-21,215.1595001220703,222.58999633789062,224.0,217.27999877929688,217.5500030517578,37181900
2020-12-22,216.4644775390625,223.94000244140625,225.6300048828125,221.85000610351562,222.69000244140625,22612200
2020-12-23,213.64193725585938,221.02000427246094,223.55999755859375,220.8000030517578,223.11000061035156,18699600
2020-12-24,215.31419372558594,222.75,223.61000061035156,221.1999969482422,221.4199981689453,10550600
2020-12-28,217.45040893554688,224.9600067138672,226.02999877929688,223.02000427246094,224.4499969482422,17933500
2020-12-29,216.6674346923828,224.14999389648438,227.17999267578125,223.5800018310547,226.30999755859375,17403200
2020-12-30,214.27989196777344,221.67999267578125,225.6300048828125,221.47000122070312,225.22999572753906,20272300
2020-12-31,214.99522399902344,222.4199981689453,223.0,219.67999267578125,221.6999969482422,20942100
2021-01-04,210.42308044433594,217.69000244140625,223.0,214.80999755859375,222.52999877929688,37130100
2021-01-05,210.62608337402344,217.89999389648438,218.52000427246094,215.6999969482422,217.25999450683594,23823000
2021-01-06,205.1646728515625,212.25,216.49000549316406,211.94000244140625,212.1699981689453,35930700
2021-01-07,211.00308227539062,218.2899932861328,219.33999633789062,213.7100067138672,214.0399932861328,27694500
2021-01-08,212.28866577148438,219.6199951171875,220.5800018310547,217.02999877929688,218.67999267578125,22956200
2021-01-11,210.22976684570312,217.49000549316406,218.91000366210938,216.72999572753906,218.47000122070312,23031300
2021-01-12,207.75523376464844,214.92999267578125,217.10000610351562,213.32000732421875,216.5,23249300
2021-01-13,209.11817932128906,216.33999633789062,216.75999450683594,213.92999267578125,214.02000427246094,20087100
2021-01-14,205.9089813232422,213.02000427246094,217.4600067138672,212.74000549316406,215.91000366210938,29480800
2021-01-15,205.5513458251953,212.64999389648438,214.50999450683594,212.02999877929688,213.52000427246094,31746500
2021-01-19,209.21481323242188,216.44000244140625,216.97999572753906,212.6300048828125,213.75,30480900
2021-01-20,216.85108947753906,224.33999633789062,225.7899932861328,217.2899932861328,217.6999969482422,37777300
2021-01-21,217.4600830078125,224.97000122070312,226.3000030517578,222.4199981689453,224.6999969482422,30709400
2021-01-22,218.4073944091797,225.9499969482422,230.07000732421875,225.8000030517578,227.0800018310547,30172700
2021-01-25,221.86782836914062,229.52999877929688,229.77999877929688,224.22000122070312,229.1199951171875,33152100
2021-01-26,224.57437133789062,232.3300018310547,234.17999267578125,230.0800018310547,231.86000061035156,49169600
2021-01-27,225.12533569335938,232.89999389648438,240.44000244140625,230.13999938964844,238.0,69870600
2021-01-28,230.9540557861328,238.92999267578125,242.63999938964844,235.08999633789062,235.61000061035156,49111200
2021-01-29,224.2167510986328,231.9600067138672,238.02000427246094,231.35000610351562,235.99000549316406,42503100
2021-02-01,231.6500244140625,239.64999389648438,242.5,232.42999267578125,235.05999755859375,33314200
2021-02-02,231.51466369628906,239.50999450683594,242.30999755859375,238.69000244140625,241.3000030517578,25916300
2021-02-03,234.88821411132812,243.0,245.08999633789062,239.25999450683594,239.57000732421875,27158100
2021-02-04,233.93125915527344,242.00999450683594,243.24000549316406,240.3699951171875,242.66000366210938,25296100
2021-02-05,234.1149139404297,242.1999969482422,243.27999877929688,240.4199981689453,242.22999572753906,18054800
2021-02-08,234.37591552734375,242.47000122070312,243.67999267578125,240.80999755859375,243.14999389648438,22211900
2021-02-09,235.6324920654297,243.77000427246094,244.75999450683594,241.3800048828125,241.8699951171875,23565000
2021-02-10,234.71421813964844,242.82000732421875,245.9199981689453,240.88999938964844,245.0,22186700
2021-02-11,236.3284454345703,244.49000549316406,245.14999389648438,242.14999389648438,244.77999877929688,15751100
2021-02-12,236.81178283691406,244.99000549316406,245.3000030517578,242.72999572753906,243.92999267578125,16561100
2021-02-16,235.56480407714844,243.6999969482422,246.1300048828125,242.9199981689453,245.02999877929688,26728500
2021-02-17,236.591796875,244.1999969482422,244.30999755859375,240.94000244140625,241.32000732421875,21653500
2021-02-18,236.19456481933594,243.7899932861328,243.92999267578125,240.86000061035156,241.8000030517578,16925600
2021-02-19,233.46240234375,240.97000122070312,243.86000061035156,240.17999267578125,243.75,25262600
2021-02-22,227.20367431640625,234.50999450683594,237.92999267578125,232.39999389648438,237.4199981689453,36446900
2021-02-23,226.0023193359375,233.27000427246094,234.8300018310547,228.72999572753906,230.3300018310547,30228700
2021-02-24,227.24246215820312,234.5500030517578,235.1999969482422,229.0,230.00999450683594,26339700
2021-02-25,221.85568237304688,228.99000549316406,234.58999633789062,227.8800048828125,232.0800018310547,39542200
2021-02-26,225.1400909423828,232.3800048828125,235.3699951171875,229.5399932861328,231.52999877929688,37819200
2021-03-01,229.5579833984375,236.94000244140625,237.47000122070312,233.14999389648438,235.89999389648438,25324000
2021-03-02,226.58363342285156,233.8699951171875,237.3000030517578,233.4499969482422,237.00999450683594,22812500
2021-03-03,220.47023010253906,227.55999755859375,233.5800018310547,227.25999450683594,232.16000366210938,34029500
2021-03-04,219.6660614013672,226.72999572753906,232.49000549316406,224.25999450683594,226.74000549316406,44727800
2021-03-05,224.3843994140625,231.60000610351562,233.27000427246094,226.4600067138672,229.52000427246094,41872800
2021-03-08,220.30552673339844,227.38999938964844,233.3699951171875,227.1300048828125,231.3699951171875,35267400
2021-03-09,226.49642944335938,233.77999877929688,235.3800048828125,231.6699981689453,232.8800048828125,33080500
2021-03-10,225.17881774902344,232.4199981689453,237.0,232.0399932861328,237.0,29746800
2021-03-11,229.7420654296875,237.1300048828125,239.1699981689453,234.30999755859375,234.9600067138672,29907600
2021-03-12,228.40505981445312,235.75,235.82000732421875,233.22999572753906,234.00999450683594,22653700
2021-03-15,227.49432373046875,234.80999755859375,235.19000244140625,231.80999755859375,234.9600067138672,26034900
2021-03-16,230.3040008544922,237.7100067138672,240.05999755859375,235.94000244140625,236.27999877929688,28092200
2021-03-17,229.65484619140625,237.0399932861328,238.5500030517578,233.22999572753906,236.14999389648438,29562100
2021-03-18,223.53176879882812,230.72000122070312,234.19000244140625,230.3300018310547,232.55999755859375,34833000
2021-03-19,223.17330932617188,230.35000610351562,232.47000122070312,229.35000610351562,231.02000427246094,46430700
2021-03-22,228.63758850097656,235.99000549316406,236.89999389648438,230.13999938964844,230.27000427246094,30127000
2021-03-23,230.1780548095703,237.5800018310547,241.0500030517578,237.07000732421875,237.49000549316406,31638400
2021-03-24,228.12411499023438,235.4600067138672,238.0,235.32000732421875,237.85000610351562,25620100
2021-03-25,225.10128784179688,232.33999633789062,236.94000244140625,231.57000732421875,235.3000030517578,34061900
2021-03-26,229.1123046875,236.47999572753906,236.7100067138672,231.5500030517578,231.5500030517578,25479900
2021-03-29,227.9109649658203,235.24000549316406,236.8000030517578,231.8800048828125,236.58999633789062,25227500
2021-03-30,224.62657165527344,231.85000610351562,233.85000610351562,231.10000610351562,233.52999877929688,24792000
2021-03-31,228.42440795898438,235.77000427246094,239.10000610351562,232.38999938964844,232.91000366210938,43623500
2021-04-01,234.7994384765625,242.35000610351562,242.83999633789062,238.0500030517578,238.47000122070312,30338000
2021-04-05,241.31004333496094,249.07000732421875,249.9600067138672,242.6999969482422,242.75999450683594,36910600
2021-04-06,240.1377716064453,247.86000061035156,249.39999389648438,246.8800048828125,247.61000061035156,22931900
2021-04-07,242.11419677734375,249.89999389648438,250.92999267578125,247.19000244140625,247.80999755859375,22719800
2021-04-08,245.35983276367188,253.25,254.13999938964844,252.0,252.77000427246094,23625200
2021-04-09,247.8788604736328,255.85000610351562,255.99000549316406,252.44000244140625,252.8699951171875,24326800
2021-04-12,247.93699645996094,255.91000366210938,257.6700134277344,254.6199951171875,254.7100067138672,27148700
2021-04-13,250.4365692138672,258.489990234375,259.19000244140625,256.8299865722656,257.260009765625,23837500
2021-04-14,247.62693786621094,255.58999633789062,258.8299865722656,255.16000366210938,257.4800109863281,23070900
2021-04-15,251.41513061523438,259.5,259.92999267578125,257.7300109863281,257.92999267578125,25627500
2021-04-16,252.616455078125,260.739990234375,261.0,257.6000061035156,259.4700012207031,24878600
2021-04-19,250.67881774902344,258.739990234375,261.4800109863281,257.82000732421875,260.19000244140625,23209300
2021-04-20,250.21372985839844,258.260009765625,260.20001220703125,256.8399963378906,257.82000732421875,19722900
2021-04-21,252.4614715576172,260.5799865722656,260.67999267578125,257.25,258.94000244140625,24030400
2021-04-22,249.15777587890625,257.1700134277344,261.7799987792969,255.63999938964844,260.2099914550781,25606200
2021-04-23,253.0137481689453,261.1499938964844,261.510009765625,257.2699890136719,257.8800048828125,21462600
2021-04-26,253.40118408203125,261.54998779296875,262.44000244140625,260.1700134277344,261.6600036621094,19763300
2021-04-27,253.8081512451172,261.9700012207031,263.19000244140625,260.1199951171875,261.5799865722656,31014200
2021-04-28,246.62905883789062,254.55999755859375,256.5400085449219,252.9499969482422,256.0799865722656,46903100
2021-04-29,244.6428985595703,252.50999450683594,256.1000061035156,249.0,255.4600067138672,40589000
2021-04-30,244.3231964111328,252.17999267578125,253.0800018310547,249.60000610351562,249.74000549316406,30945100
2021-05-03,244.01316833496094,251.86000061035156,254.35000610351562,251.1199951171875,253.39999389648438,19626600
2021-05-04,240.0699920654297,247.7899932861328,251.2100067138672,245.75999450683594,250.97000122070312,32756100
2021-05-05,238.79107666015625,246.47000122070312,249.5,245.82000732421875,249.05999755859375,21901300
2021-05-06,241.9495086669922,249.72999572753906,249.86000061035156,244.69000244140625,246.4499969482422,26491100
2021-05-07,244.5944366455078,252.4600067138672,254.3000030517578,251.1699981689453,252.14999389648438,27032900
2021-05-10,239.47894287109375,247.17999267578125,251.72999572753906,247.1199951171875,250.8699951171875,29299900
2021-05-11,238.55853271484375,246.22999572753906,246.60000610351562,242.57000732421875,244.5500030517578,33641600
2021-05-12,231.55381774902344,239.0,244.3800048828125,238.07000732421875,242.1699981689453,36684400
2021-05-13,235.458251953125,243.02999877929688,245.60000610351562,241.4199981689453,241.8000030517578,29624300
2021-05-14,240.4187469482422,248.14999389648438,249.17999267578125,245.49000549316406,245.5800018310547,23901100
2021-05-17,237.541259765625,245.17999267578125,246.58999633789062,243.52000427246094,246.5500030517578,24970200
2021-05-18,235.50668334960938,243.0800018310547,246.41000366210938,242.89999389648438,246.27000427246094,20168000
2021-05-19,236.0893096923828,243.1199951171875,243.22999572753906,238.60000610351562,239.30999755859375,25739800
2021-05-20,239.35214233398438,246.47999572753906,247.9499969482422,243.86000061035156,243.9600067138672,21800700
2021-05-21,238.08004760742188,245.1699981689453,248.3300018310547,244.74000549316406,247.57000732421875,21863100
2021-05-24,243.52783203125,250.77999877929688,251.16000366210938,247.50999450683594,247.7899932861328,21411500
2021-05-25,244.44064331054688,251.72000122070312,252.75,250.82000732421875,251.77000427246094,17704300
2021-05-26,244.2173309326172,251.49000549316406,252.94000244140625,250.75,251.42999267578125,17771600
2021-05-27,242.10035705566406,249.30999755859375,251.47999572753906,249.25,251.1699981689453,24426200
2021-05-28,242.45960998535156,249.67999267578125,252.0800018310547,249.55999755859375,251.0,18270200
2021-06-01,240.2455596923828,247.39999389648438,251.2899932861328,246.9600067138672,251.22999572753906,23213300
2021-06-02,240.1484832763672,247.3000030517578,249.27000427246094,245.83999633789062,248.1300048828125,19406700
2021-06-03,238.60443115234375,245.7100067138672,246.33999633789062,243.0,245.22000122070312,25307700
2021-06-04,243.53753662109375,250.7899932861328,251.64999389648438,247.50999450683594,247.75999450683594,25281100
2021-06-07,246.47019958496094,253.80999755859375,254.08999633789062,249.80999755859375,249.97999572753906,23079200
2021-06-08,245.26608276367188,252.57000732421875,256.010009765625,252.50999450683594,255.16000366210938,22455000
2021-06-09,246.25657653808594,253.58999633789062,255.52999877929688,253.2100067138672,253.80999755859375,17937600
2021-06-10,249.80096435546875,257.239990234375,257.4599914550781,253.6699981689453,254.2899932861328,24563600
2021-06-11,250.43223571777344,257.8900146484375,258.489990234375,256.6099853515625,257.989990234375,18999700
2021-06-14,252.37437438964844,259.8900146484375,259.95001220703125,256.79998779296875,257.8999938964844,19150500
2021-06-15,250.8885955810547,258.3599853515625,259.989990234375,257.67999267578125,259.7699890136719,18038900
2021-06-16,249.9369659423828,257.3800048828125,260.5799865722656,254.4199981689453,259.3999938964844,27220000
2021-06-17,253.35516357421875,260.8999938964844,261.75,256.010009765625,256.07000732421875,27565500
2021-06-18,251.92770385742188,259.42999267578125,262.29998779296875,258.75,259.6300048828125,37202200
2021-06-21,255.03515625,262.6300048828125,263.5199890136719,257.9200134277344,259.82000732421875,26696100
2021-06-22,257.83184814453125,265.510009765625,265.7900085449219,262.3999938964844,262.7200012207031,24694100
2021-06-23,257.5987548828125,265.2699890136719,266.8299865722656,264.42999267578125,265.989990234375,19518700
2021-06-24,258.977783203125,266.69000244140625,267.8500061035156,265.4700012207031,266.1600036621094,21446900
2021-06-25,257.35601806640625,265.0199890136719,267.25,264.760009765625,266.2300109863281,25611100
2021-06-28,260.948974609375,268.7200012207031,268.8999938964844,265.9100036621094,266.19000244140625,19590000
2021-06-29,263.55157470703125,271.3999938964844,271.6499938964844,267.9800109863281,268.8699951171875,19937800
2021-06-30,263.0660095214844,270.8999938964844,271.3599853515625,269.6000061035156,270.69000244140625,21656500
2021-07-01,263.74578857421875,271.6000061035156,271.8399963378906,269.6000061035156,269.6099853515625,16725300
2021-07-02,269.62078857421875,277.6499938964844,278.0,272.5,272.82000732421875,26458000
2021-07-06,269.6305236816406,277.6600036621094,279.3699951171875,274.29998779296875,278.0299987792969,31565600
2021-07-07,271.8348693847656,279.92999267578125,280.69000244140625,277.1499938964844,279.3999938964844,23260000
2021-07-08,269.3974609375,277.4200134277344,278.7300109863281,274.8699951171875,276.8999938964844,24618600
2021-07-09,269.90240478515625,277.94000244140625,278.04998779296875,275.32000732421875,275.7200012207031,23916700
2021-07-12,269.30035400390625,277.32000732421875,279.7699890136719,276.5799865722656,279.1600036621094,18931700
2021-07-13,272.8545227050781,280.9800109863281,282.8500061035156,277.3900146484375,277.5199890136719,26120100
2021-07-14,274.34027099609375,282.510009765625,283.6600036621094,280.54998779296875,282.3500061035156,23113700
2021-07-15,272.903076171875,281.0299987792969,282.510009765625,279.8299865722656,282.0,22604200
2021-07-16,272.63116455078125,280.75,284.1000061035156,279.4599914550781,282.07000732421875,26186800
2021-07-19,268.9992980957031,277.010009765625,280.3699951171875,274.45001220703125,278.92999267578125,32935600
2021-07-20,271.242431640625,279.32000732421875,280.9700012207031,276.260009765625,278.0299987792969,26259700
2021-07-21,273.26239013671875,281.3999938964844,281.5199890136719,277.2900085449219,278.8999938964844,24364300
2021-07-22,277.865234375,286.1400146484375,286.4200134277344,283.4200134277344,283.8399963378906,23384100
2021-07-23,281.2931823730469,289.6700134277344,289.989990234375,286.5,287.3699951171875,22768100
2021-07-26,280.6910705566406,289.04998779296875,289.69000244140625,286.6400146484375,289.0,23176100
2021-07-27,278.25372314453125,286.5400085449219,289.5799865722656,282.95001220703125,289.42999267578125,33604100
2021-07-28,277.9429931640625,286.2200012207031,290.1499938964844,283.8299865722656,288.989990234375,33566900
2021-07-29,278.21484375,286.5,288.6199951171875,286.0799865722656,286.239990234375,18168300
2021-07-30,276.6708068847656,284.9100036621094,286.6600036621094,283.9100036621094,285.1700134277344,20944800
2021-08-02,276.58343505859375,284.82000732421875,286.7699890136719,283.739990234375,286.3599853515625,16267400
2021-08-03,278.8168640136719,287.1199951171875,287.2300109863281,284.0,285.4200134277344,17879000
2021-08-04,278.22454833984375,286.510009765625,287.5899963378906,284.6499938964844,286.2200012207031,16191300
2021-08-05,281.1475524902344,289.5199890136719,289.6300048828125,286.1000061035156,286.8800048828125,13900200
2021-08-06,281.0892333984375,289.4599914550781,289.5,287.6199951171875,288.510009765625,16589300
2021-08-09,279.991943359375,288.3299865722656,291.54998779296875,287.80999755859375,289.75,16117600
2021-08-10,278.1565856933594,286.44000244140625,289.25,285.20001220703125,288.79998779296875,18616600
2021-08-11,278.65185546875,286.95001220703125,288.6600036621094,285.8599853515625,287.2099914550781,13955900
2021-08-12,281.4291076660156,289.80999755859375,289.9700012207031,286.3399963378906,286.6300048828125,14561300
2021-08-13,284.3812255859375,292.8500061035156,292.8999938964844,289.29998779296875,289.4800109863281,18249000
2021-08-16,286.08062744140625,294.6000061035156,294.82000732421875,290.0199890136719,293.19000244140625,22507600
2021-08-17,284.60455322265625,293.0799865722656,293.42999267578125,291.0799865722656,292.3900146484375,20075300
2021-08-18,282.8630676269531,290.7300109863281,294.82000732421875,290.2699890136719,292.0400085449219,21813000
2021-08-19,288.73956298828125,296.7699890136719,297.4700012207031,288.6400146484375,288.69000244140625,29850500
2021-08-20,296.12420654296875,304.3599853515625,305.8399963378906,298.05999755859375,299.7200012207031,40817600
2021-08-23,296.4063415527344,304.6499938964844,305.3999938964844,301.8500061035156,303.25,22830200
2021-08-24,294.4312438964844,302.6199951171875,305.6499938964844,302.0,305.0199890136719,18175800
2021-08-25,293.8377685546875,302.010009765625,304.5899963378906,300.4200134277344,304.29998779296875,20006100
2021-08-26,290.9967956542969,299.0899963378906,302.42999267578125,298.95001220703125,300.989990234375,17666100
2021-08-27,291.6097106933594,299.7200012207031,300.8699951171875,296.8299865722656,298.989990234375,22605700
2021-08-30,295.375,303.5899963378906,304.2200012207031,301.05999755859375,301.1199951171875,16348100
2021-08-31,293.71136474609375,301.8800048828125,304.5,301.5,304.4200134277344,26285300
2021-09-01,293.6626892089844,301.8299865722656,305.19000244140625,301.489990234375,302.8699951171875,18983800
2021-09-02,293.00103759765625,301.1499938964844,303.3599853515625,300.17999267578125,302.20001220703125,16285600
2021-09-03,292.9913024902344,301.1400146484375,302.6000061035156,300.260009765625,300.989990234375,14747900
2021-09-07,292.05731201171875,300.17999267578125,301.0899963378906,298.20001220703125,301.010009765625,17180400
2021-09-08,292.0864562988281,300.2099914550781,300.6099853515625,297.4700012207031,299.7799987792969,15046800
2021-09-09,289.20660400390625,297.25,302.1400146484375,297.0,300.82000732421875,19927000
2021-09-10,287.7082824707031,295.7099914550781,299.9200134277344,295.3800048828125,298.4200134277344,19633400
2021-09-13,288.9536437988281,296.989990234375,298.5400085449219,294.0799865722656,297.54998779296875,23652900
2021-09-14,291.6778259277344,299.7900085449219,301.3900146484375,298.1000061035156,299.55999755859375,21853400
2021-09-15,296.57177734375,304.82000732421875,305.32000732421875,301.82000732421875,303.260009765625,28356300
2021-09-16,296.9609680175781,305.2200012207031,305.30999755859375,300.760009765625,303.760009765625,19550800
2021-09-17,291.7557067871094,299.8699951171875,304.5,299.5299987792969,304.1700134277344,41372500
2021-09-20,286.33636474609375,294.29998779296875,298.7200012207031,289.5199890136719,296.3299865722656,38278700
2021-09-21,286.8229064941406,294.79998779296875,297.5400085449219,294.07000732421875,295.69000244140625,22364100
2021-09-22,290.5005798339844,298.5799865722656,300.2200012207031,294.510009765625,296.7300109863281,26626300
2021-09-23,291.4541320800781,299.55999755859375,300.8999938964844,297.5299987792969,298.8500061035156,18604600
2021-09-24,291.249755859375,299.3500061035156,299.79998779296875,296.92999267578125,298.2300109863281,14999000
2021-09-27,286.2099304199219,294.1700134277344,296.4700012207031,292.94000244140625,296.1400146484375,23571700
2021-09-28,275.8480224609375,283.5199890136719,290.7799987792969,282.75,289.79998779296875,43186200
2021-09-29,276.31512451171875,284.0,286.7699890136719,283.010009765625,285.1000061035156,26353700
2021-09-30,274.29144287109375,281.9200134277344,287.8299865722656,281.6199951171875,285.7099914550781,32343600
2021-10-01,281.2771301269531,289.1000061035156,289.9800109863281,281.2900085449219,282.1199951171875,30086300
2021-10-04,275.4491882324219,283.1099853515625,287.75,280.25,287.3999938964844,31350700
2021-10-05,280.9462890625,288.760009765625,290.3999938964844,284.04998779296875,284.04998779296875,24993000
2021-10-06,285.1785583496094,293.1099853515625,293.6300048828125,285.510009765625,285.7799987792969,28002600
2021-10-07,286.8715515136719,294.8500061035156,296.6400146484375,293.9200134277344,295.17999267578125,20430500
2021-10-08,286.8715515136719,294.8500061035156,296.6400146484375,293.760009765625,296.2200012207031,17685700
2021-10-11,286.268310546875,294.2300109863281,297.9700012207031,292.75,292.9200134277344,19298600
2021-10-12,284.954833984375,292.8800048828125,295.44000244140625,292.3500061035156,295.3399963378906,17974100
2021-10-13,288.2920227050781,296.30999755859375,297.2799987792969,293.489990234375,294.9100036621094,23416300
2021-10-14,294.5577392578125,302.75,303.2699890136719,297.8299865722656,299.2099914550781,27262900
2021-10-15,295.9782409667969,304.2099914550781,304.45001220703125,300.5199890136719,302.3399963378906,25384800
2021-10-18,298.97491455078125,307.2900085449219,308.2099914550781,302.69000244140625,303.57000732421875,22729300
2021-10-19,299.8894958496094,308.2300109863281,309.29998779296875,307.2200012207031,308.3500061035156,17682100
2021-10-20,299.0916442871094,307.4100036621094,309.70001220703125,306.1099853515625,309.2099914550781,16537100
2021-10-21,302.3509826660156,310.760009765625,311.0199890136719,306.3599853515625,307.1700134277344,16918100
2021-10-22,300.7942810058594,309.1600036621094,311.0899963378906,307.79998779296875,310.3999938964844,17449300
2021-10-25,299.7922058105469,308.1300048828125,309.3999938964844,306.4599914550781,309.3599853515625,17554500
2021-10-26,301.71856689453125,310.1099853515625,312.3999938964844,308.6000061035156,311.0,28107300
2021-10-27,314.4252624511719,323.1700134277344,326.1000061035156,316.0,316.0,52588700
2021-10-28,315.57330322265625,324.3500061035156,324.8699951171875,321.3599853515625,324.3299865722656,26297900
2021-10-29,322.64654541015625,331.6199951171875,332.0,323.8999938964844,324.1300048828125,34766000
2021-11-01,320.4573974609375,329.3699951171875,331.489990234375,326.3699951171875,331.3599853515625,27073200
2021-11-02,324.1157531738281,333.1300048828125,333.45001220703125,330.0,330.30999755859375,26487100
2021-11-03,324.96209716796875,334.0,334.8999938964844,330.6499938964844,333.8999938964844,21500100
2021-11-04,327.33612060546875,336.44000244140625,336.5400085449219,329.510009765625,332.8900146484375,23992200
2021-11-05,326.9664306640625,336.05999755859375,338.7900085449219,334.4200134277344,338.510009765625,22570100
2021-11-08,327.87127685546875,336.989990234375,337.6499938964844,334.44000244140625,337.29998779296875,20897000
2021-11-09,326.8594055175781,335.95001220703125,338.7200012207031,334.5299987792969,337.1099853515625,21307400
2021-11-10,321.84869384765625,330.79998779296875,334.6300048828125,329.9200134277344,334.57000732421875,25500900
2021-11-11,323.4346008300781,332.42999267578125,333.7699890136719,330.510009765625,331.25,16849800
2021-11-12,327.6085510253906,336.7200012207031,337.2300109863281,333.7900085449219,333.9200134277344,23831000
2021-11-15,326.97613525390625,336.07000732421875,337.8800048828125,334.0299987792969,337.5400085449219,16723000
2021-11-16,330.3230285644531,339.510009765625,340.6700134277344,335.510009765625,335.67999267578125,20886800
2021-11-17,330.5472717285156,339.1199951171875,342.19000244140625,338.0,338.94000244140625,19053400
2021-11-18,332.6429138183594,341.2699890136719,342.45001220703125,337.1199951171875,338.17999267578125,22463500
2021-11-19,334.4363708496094,343.1099853515625,345.1000061035156,342.20001220703125,342.6400146484375,21963400
2021-11-22,331.23931884765625,339.8299865722656,349.6700134277344,339.54998779296875,344.6199951171875,31031100
2021-11-23,329.1436462402344,337.67999267578125,339.45001220703125,333.55999755859375,337.04998779296875,30427600
2021-11-24,329.3677978515625,337.9100036621094,338.1600036621094,333.9100036621094,336.2799987792969,21661300
2021-11-26,321.3458557128906,329.67999267578125,337.92999267578125,328.1199951171875,334.3500061035156,24217200
2021-11-29,328.1202087402344,336.6300048828125,339.0299987792969,334.739990234375,334.94000244140625,28563500
2021-11-30,322.23284912109375,330.5899963378906,337.7799987792969,328.989990234375,335.32000732421875,42885600
2021-12-01,321.73577880859375,330.0799865722656,339.2799987792969,329.3900146484375,335.1300048828125,33337600
2021-12-02,321.16064453125,329.489990234375,333.489990234375,327.79998779296875,330.29998779296875,30766000
2021-12-03,314.844482421875,323.010009765625,332.70001220703125,318.0299987792969,331.989990234375,41779300
2021-12-06,317.9441223144531,326.19000244140625,327.45001220703125,319.2300109863281,323.95001220703125,30032600
2021-12-07,326.453369140625,334.9200134277344,335.79998779296875,330.1000061035156,331.6400146484375,31021900
2021-12-08,326.5020751953125,334.9700012207031,335.5,330.79998779296875,335.30999755859375,24761000
2021-12-09,324.6794128417969,333.1000061035156,336.489990234375,332.1199951171875,334.4100036621094,22214200
2021-12-10,333.8808288574219,342.5400085449219,343.0,334.7900085449219,334.9800109863281,38095700
2021-12-13,330.8201904296875,339.3999938964844,343.7900085449219,339.0799865722656,340.67999267578125,28899400
2021-12-14,320.039794921875,328.3399963378906,334.6400146484375,324.1099853515625,333.2200012207031,44438700
2021-12-15,326.19024658203125,334.6499938964844,335.19000244140625,324.5,328.6099853515625,35381100
2021-12-16,316.68670654296875,324.8999938964844,336.760009765625,323.0199890136719,335.7099914550781,35034800
2021-12-17,315.6144714355469,323.79998779296875,324.9200134277344,317.25,320.8800048828125,47750300
2021-12-20,311.8228454589844,319.9100036621094,322.79998779296875,317.57000732421875,320.04998779296875,28326500
2021-12-21,319.0163269042969,327.2900085449219,327.7300109863281,319.79998779296875,323.2900085449219,24740600
2021-12-22,324.77691650390625,333.20001220703125,333.6099853515625,325.75,328.29998779296875,24831500
2021-12-23,326.2292175292969,334.69000244140625,336.3900146484375,332.7300109863281,332.75,19617800
2021-12-27,333.7930603027344,342.45001220703125,342.4800109863281,335.42999267578125,335.4599914550781,19947000
2021-12-28,332.6233825683594,341.25,343.80999755859375,340.32000732421875,343.1499938964844,15661500
2021-12-29,333.3056640625,341.95001220703125,344.29998779296875,339.67999267578125,341.29998779296875,15042000
2021-12-30,330.7421875,339.32000732421875,343.1300048828125,338.82000732421875,341.9100036621094,15994500
2021-12-31,327.8180236816406,336.32000732421875,339.3599853515625,335.8500061035156,338.510009765625,18000800
2022-01-03,326.2877502441406,334.75,338.0,329.7799987792969,335.3500061035156,28865100
2022-01-04,320.6928405761719,329.010009765625,335.20001220703125,326.1199951171875,334.8299865722656,32674300
2022-01-05,308.38214111328125,316.3800048828125,326.07000732421875,315.9800109863281,325.8599853515625,40054300
2022-01-06,305.9452819824219,313.8800048828125,318.70001220703125,311.489990234375,313.1499938964844,39646100
2022-01-07,306.10125732421875,314.0400085449219,316.5,310.0899963378906,314.1499938964844,32720000
2022-01-10,306.3254089355469,314.2699890136719,314.7200012207031,304.69000244140625,309.489990234375,44289500
2022-01-11,307.01751708984375,314.9800109863281,316.6099853515625,309.8900146484375,313.3800048828125,29386800
2022-01-12,310.2242736816406,318.2699890136719,323.4100036621094,317.0799865722656,319.6700134277344,34372200
2022-01-13,297.0948486328125,304.79998779296875,320.8800048828125,304.0,320.4700012207031,45366000
2022-01-14,302.3583068847656,310.20001220703125,310.82000732421875,303.75,304.25,39846400
2022-01-18,294.9991760253906,302.6499938964844,309.79998779296875,301.739990234375,304.07000732421875,42333200
2022-01-19,295.6619873046875,303.3299865722656,313.9100036621094,302.70001220703125,306.2900085449219,45933900
2022-01-20,293.97576904296875,301.6000061035156,311.6499938964844,301.1400146484375,309.07000732421875,35380700
2022-01-21,288.5465393066406,296.0299987792969,304.1099853515625,295.6099853515625,302.69000244140625,57984400
2022-01-24,288.8779602050781,296.3699951171875,297.1099853515625,276.04998779296875,292.20001220703125,85731500
2022-01-25,281.1971130371094,288.489990234375,294.989990234375,285.1700134277344,291.5199890136719,72848600
2022-01-26,289.2093811035156,296.7099914550781,308.5,293.0299987792969,307.989990234375,90428900
2022-01-27,292.2602233886719,299.8399963378906,307.29998779296875,297.92999267578125,302.6600036621094,53481300
2022-01-28,300.4674072265625,308.260009765625,308.4800109863281,294.45001220703125,300.2300109863281,49743700
2022-01-31,303.1185607910156,310.9800109863281,312.3800048828125,306.3699951171875,308.95001220703125,46444500
2022-02-01,300.9547424316406,308.760009765625,310.6300048828125,305.1300048828125,310.4100036621094,40950400
2022-02-02,305.53594970703125,313.4599914550781,315.1199951171875,308.8800048828125,309.6300048828125,36636000
2022-02-03,293.63458251953125,301.25,311.2300109863281,299.9599914550781,309.489990234375,43730000
2022-02-04,298.2060546875,305.94000244140625,308.79998779296875,299.9700012207031,300.2099914550781,35096500
2022-02-07,293.3421325683594,300.95001220703125,307.8399963378906,299.8999938964844,306.1700134277344,28533300
2022-02-08,296.8609313964844,304.55999755859375,305.55999755859375,299.95001220703125,301.25,32421200
2022-02-09,303.3428039550781,311.2099914550781,311.92999267578125,307.3900146484375,309.8699951171875,31284700
2022-02-10,294.73602294921875,302.3800048828125,309.1199951171875,300.70001220703125,304.0400085449219,45386200
2022-02-11,287.5815734863281,295.0400085449219,304.2900085449219,294.2200012207031,303.19000244140625,39175600
2022-02-14,287.5425720214844,295.0,296.760009765625,291.3500061035156,293.7699890136719,36359500
2022-02-15,292.8742980957031,300.4700012207031,300.79998779296875,297.0199890136719,300.010009765625,27058300
2022-02-16,292.532470703125,299.5,300.8699951171875,293.67999267578125,298.3699951171875,29982100
2022-02-17,283.9665222167969,290.7300109863281,296.79998779296875,290.0,296.3599853515625,32461600
2022-02-18,281.2315979003906,287.92999267578125,293.8599853515625,286.30999755859375,293.04998779296875,34264000
2022-02-22,281.0264892578125,287.7200012207031,291.5400085449219,284.5,285.0,41736100
2022-02-23,273.7497863769531,280.2699890136719,291.70001220703125,280.1000061035156,290.17999267578125,37811200
2022-02-24,287.7366638183594,294.5899963378906,295.1600036621094,271.5199890136719,272.510009765625,56989700
2022-02-25,290.3934326171875,297.30999755859375,297.6300048828125,291.6499938964844,295.1400146484375,32546700
2022-02-28,291.8389892578125,298.7900085449219,299.1400146484375,293.0,294.30999755859375,34627500
2022-03-01,288.0882873535156,294.95001220703125,299.9700012207031,292.1499938964844,296.3999938964844,31217800
2022-03-02,293.2064208984375,300.19000244140625,301.4700012207031,293.70001220703125,295.3599853515625,31873000
2022-03-03,289.0357666015625,295.9200134277344,303.1300048828125,294.04998779296875,302.8900146484375,27314500
2022-03-04,283.1167297363281,289.8599853515625,295.6600036621094,287.1700134277344,294.2900085449219,32356500
2022-03-07,272.4214782714844,278.9100036621094,289.69000244140625,278.5299987792969,288.5299987792969,43157200
2022-03-08,269.4326477050781,275.8500061035156,283.9599914550781,270.0,277.79998779296875,48159500
2022-03-09,281.788330078125,288.5,289.6000061035156,280.7799987792969,283.44000244140625,35204500
2022-03-10,278.946044921875,285.5899963378906,286.6000061035156,280.5799865722656,283.0199890136719,30628000
2022-03-11,273.554443359375,280.07000732421875,289.510009765625,279.42999267578125,287.9599914550781,27209300
2022-03-14,270.0089111328125,276.44000244140625,285.3999938964844,275.82000732421875,280.3399963378906,30660700
2022-03-15,280.46978759765625,287.1499938964844,287.82000732421875,278.7300109863281,280.3500061035156,34245100
2022-03-16,287.5413513183594,294.3900146484375,294.57000732421875,283.20001220703125,289.1099853515625,37826300
2022-03-17,288.35205078125,295.2200012207031,295.6099853515625,289.3699951171875,293.2900085449219,30816600
2022-03-18,293.4407958984375,300.42999267578125,301.0,292.7300109863281,295.3699951171875,43390600
2022-03-21,292.2003479003906,299.1600036621094,300.1400146484375,294.8999938964844,298.8900146484375,28351200
2022-03-22,296.9863586425781,304.05999755859375,305.0,298.7699890136719,299.79998779296875,27599700
2022-03-23,292.5226745605469,299.489990234375,303.2300109863281,297.7200012207031,300.510009765625,25715400
2022-03-24,297.02545166015625,304.1000061035156,304.20001220703125,298.32000732421875,299.1400146484375,24484500
2022-03-25,296.61517333984375,303.67999267578125,305.5,299.2900085449219,305.2300109863281,22566500
2022-03-28,303.471923828125,310.70001220703125,310.79998779296875,304.3299865722656,304.3299865722656,29578200
2022-03-29,308.07232666015625,315.4100036621094,315.82000732421875,309.04998779296875,313.9100036621094,30393400
2022-03-30,306.5583190917969,313.8599853515625,315.95001220703125,311.5799865722656,313.760009765625,28163600
2022-03-31,301.137451171875,308.30999755859375,315.1400146484375,307.8900146484375,313.8999938964844,33422100
2022-04-01,302.22161865234375,309.4200134277344,310.1300048828125,305.5400085449219,309.3699951171875,27110500
2022-04-04,307.642578125,314.9700012207031,315.1099853515625,309.7099914550781,310.0899963378906,24289600
2022-04-05,303.6476745605469,310.8800048828125,314.8699951171875,309.8699951171875,313.2699890136719,23156700
2022-04-06,292.532470703125,299.5,307.0,296.7099914550781,305.19000244140625,40110400
2022-04-07,294.3589782714844,301.3699951171875,303.6499938964844,296.3500061035156,296.6600036621094,31411200
2022-04-08,290.061279296875,296.9700012207031,301.1199951171875,296.2799987792969,300.44000244140625,24361900
2022-04-11,278.6236877441406,285.260009765625,292.6099853515625,285.0,291.7900085449219,34569300
2022-04-12,275.4981994628906,282.05999755859375,290.739990234375,280.489990234375,289.239990234375,30966700
2022-04-13,280.9288024902344,287.6199951171875,288.5799865722656,281.29998779296875,282.7300109863281,21907200
2022-04-14,273.3200378417969,279.8299865722656,288.30999755859375,279.32000732421875,288.0899963378906,28221600
2022-04-18,273.9939880371094,280.5199890136719,282.4599914550781,278.3399963378906,278.9100036621094,20778000
2022-04-19,278.66278076171875,285.29998779296875,286.1700134277344,278.4100036621094,279.3800048828125,22297700
2022-04-20,279.69805908203125,286.3599853515625,289.70001220703125,285.3699951171875,289.3999938964844,22906700
2022-04-21,274.2772216796875,280.80999755859375,293.29998779296875,280.05999755859375,288.5799865722656,29454600
2022-04-22,267.6549987792969,274.0299987792969,283.20001220703125,273.3800048828125,281.67999267578125,29405800
2022-04-25,274.1893310546875,280.7200012207031,281.1099853515625,270.7699890136719,273.2900085449219,35678900
2022-04-26,263.93359375,270.2200012207031,278.3599853515625,270.0,277.5,46518400
2022-04-27,276.6312255859375,283.2200012207031,290.9700012207031,279.1600036621094,282.1000061035156,63477700
2022-04-28,282.8920593261719,289.6300048828125,290.9800109863281,281.4599914550781,285.19000244140625,33646600
2022-04-29,271.063720703125,277.5199890136719,289.8800048828125,276.5,288.6099853515625,37073900
2022-05-02,277.8521423339844,284.4700012207031,284.94000244140625,276.2200012207031,277.7099914550781,35151100
2022-05-03,275.2247314453125,281.7799987792969,284.1300048828125,280.1499938964844,283.9599914550781,25978600
2022-05-04,283.2339172363281,289.9800109863281,290.8800048828125,276.7300109863281,282.5899963378906,33599300
2022-05-05,270.897705078125,277.3500061035156,286.3500061035156,274.3399963378906,285.5400085449219,43260400
2022-05-06,268.3387145996094,274.7300109863281,279.25,271.2699890136719,274.80999755859375,37780300
2022-05-09,258.4247741699219,264.5799865722656,272.3599853515625,263.32000732421875,270.05999755859375,47726000
2022-05-10,263.2303161621094,269.5,273.75,265.07000732421875,271.69000244140625,39336400
2022-05-11,254.4885711669922,260.54998779296875,271.3599853515625,259.29998779296875,265.67999267578125,48975900
2022-05-12,249.4095458984375,255.35000610351562,259.8800048828125,250.02000427246094,257.69000244140625,51033800
2022-05-13,255.04531860351562,261.1199951171875,263.0400085449219,255.35000610351562,257.3500061035156,34925100
2022-05-16,255.41648864746094,261.5,265.82000732421875,255.77999877929688,259.9599914550781,32550900
2022-05-17,260.6126708984375,266.82000732421875,268.3299865722656,262.4599914550781,266.1099853515625,28828800
2022-05-18,248.7471160888672,254.0800018310547,263.6000061035156,252.77000427246094,263.0,31356000
2022-05-19,247.8268280029297,253.13999938964844,257.6700134277344,251.8800048828125,253.89999389648438,32692300
2022-05-20,247.25900268554688,252.55999755859375,258.5400085449219,246.44000244140625,257.239990234375,39199300
2022-05-23,255.17918395996094,260.6499938964844,261.5,253.42999267578125,255.49000549316406,33175400
2022-05-24,254.17079162597656,259.6199951171875,261.3299865722656,253.5,257.8900146484375,29043900
2022-05-25,257.00994873046875,262.5199890136719,264.5799865722656,257.1300048828125,258.1400146484375,28547900
2022-05-26,260.31903076171875,265.8999938964844,267.1099853515625,261.42999267578125,262.2699890136719,25002100
2022-05-27,267.50494384765625,273.239990234375,273.3399963378906,267.55999755859375,268.4800109863281,26910800
2022-05-31,266.1637268066406,271.8699951171875,274.7699890136719,268.92999267578125,272.5299987792969,37827700
2022-06-01,266.7021484375,272.4200134277344,277.69000244140625,270.0400085449219,275.20001220703125,25292200
2022-06-02,268.8168029785156,274.5799865722656,274.6499938964844,261.6000061035156,264.45001220703125,44008200
2022-06-03,264.3525390625,270.0199890136719,273.45001220703125,268.4100036621094,270.30999755859375,28059000
2022-06-06,263.1091613769531,268.75,274.17999267578125,267.2200012207031,272.05999755859375,22400300
2022-06-07,266.7804870605469,272.5,273.1300048828125,265.94000244140625,266.6400146484375,22860700
2022-06-08,264.734375,270.4100036621094,273.0,269.6099853515625,271.7099914550781,17372300
2022-06-09,259.2322998046875,264.7900085449219,272.7099914550781,264.6300048828125,267.7799987792969,26439700
2022-06-10,247.6800079345703,252.99000549316406,260.5799865722656,252.52999877929688,260.5799865722656,31422800
2022-06-13,237.1751708984375,242.25999450683594,249.02000427246094,241.52999877929688,245.11000061035156,46135800
2022-06-14,239.3583984375,244.49000549316406,245.74000549316406,241.50999450683594,243.86000061035156,28651500
2022-06-15,246.4757843017578,251.75999450683594,255.3000030517578,246.4199981689453,248.30999755859375,33111700
2022-06-16,239.8283233642578,244.97000122070312,247.4199981689453,243.02000427246094,245.97999572753906,33169200
2022-06-17,242.45204162597656,247.64999389648438,250.5,244.02999877929688,244.6999969482422,43084800
2022-06-21,248.41424560546875,253.74000549316406,254.75,249.50999450683594,250.25999450683594,29928300
2022-06-22,247.8170166015625,253.1300048828125,257.1700134277344,250.3699951171875,251.88999938964844,25939900
2022-06-23,253.42672729492188,258.8599853515625,259.3699951171875,253.6300048828125,255.57000732421875,25861400
2022-06-24,262.08123779296875,267.70001220703125,267.9800109863281,261.7200012207031,261.80999755859375,33923200
2022-06-27,259.3302307128906,264.8900146484375,268.29998779296875,263.2799987792969,268.2099914550781,24615100
2022-06-28,251.09674072265625,256.4800109863281,266.9100036621094,256.32000732421875,263.9800109863281,27295500
2022-06-29,254.7974090576172,260.260009765625,261.9700012207031,255.75999450683594,257.5899963378906,20069800
2022-06-30,251.43936157226562,256.8299865722656,259.5299987792969,252.89999389648438,257.04998779296875,31730900
2022-07-01,254.1316680908203,259.5799865722656,259.7699890136719,254.61000061035156,256.3900146484375,22837700
2022-07-05,257.3330383300781,262.8500061035156,262.9800109863281,254.74000549316406,256.1600036621094,22941000
2022-07-06,260.62255859375,266.2099914550781,267.989990234375,262.3999938964844,263.75,23824400
2022-07-07,262.7664794921875,268.3999938964844,269.05999755859375,265.0199890136719,265.1199951171875,20859900
2022-07-08,262.0420837402344,267.6600036621094,268.1000061035156,263.2900085449219,264.7900085449219,19658800
2022-07-11,258.9581604003906,264.510009765625,266.5299987792969,262.17999267578125,265.6499938964844,19455200
2022-07-12,248.345703125,253.6699981689453,265.94000244140625,252.0399932861328,265.8800048828125,35868500
2022-07-13,247.4156494140625,252.72000122070312,253.5500030517578,248.11000061035156,250.19000244140625,29497400
2022-07-14,248.7471160888672,254.0800018310547,255.13999938964844,245.94000244140625,250.57000732421875,25102800
2022-07-15,251.33169555664062,256.7200012207031,260.3699951171875,254.77000427246094,255.72000122070312,29774100
2022-07-18,248.91351318359375,254.25,260.8399963378906,253.3000030517578,259.75,20975000
2022-07-19,254.08273315429688,259.5299987792969,259.7200012207031,253.67999267578125,257.5799865722656,25012600
2022-07-20,256.76519775390625,262.2699890136719,264.8699951171875,258.9100036621094,259.8999938964844,22788300
2022-07-21,259.28125,264.8399963378906,264.8900146484375,257.0299987792969,259.7900085449219,22404700
2022-07-22,254.895263671875,260.3599853515625,265.3299865722656,259.07000732421875,265.239990234375,21881300
2022-07-25,253.39743041992188,258.8299865722656,261.5,256.80999755859375,261.0,21056000
2022-07-26,246.61285400390625,251.89999389648438,259.8800048828125,249.57000732421875,259.8599853515625,39348000
2022-07-27,263.099365234375,268.739990234375,270.04998779296875,258.8500061035156,261.1600036621094,45994000
2022-07-28,270.6083984375,276.4100036621094,277.8399963378906,267.8699951171875,269.75,33459300
2022-07-29,274.8475646972656,280.739990234375,282.0,276.6300048828125,277.70001220703125,32152800
2022-08-01,272.1748046875,278.010009765625,281.2799987792969,275.8399963378906,277.82000732421875,21539600
2022-08-02,269.0518798828125,274.82000732421875,277.8900146484375,272.3800048828125,276.0,22754200
2022-08-03,276.541259765625,282.4700012207031,283.5,276.6099853515625,276.760009765625,23518900
2022-08-04,277.69647216796875,283.6499938964844,283.79998779296875,280.1700134277344,281.79998779296875,18098700
2022-08-05,276.97198486328125,282.9100036621094,283.6499938964844,278.67999267578125,279.1499938964844,16774600
2022-08-08,274.43634033203125,280.32000732421875,285.9200134277344,279.32000732421875,284.04998779296875,18739200
2022-08-09,276.3747863769531,282.29998779296875,283.0799865722656,277.6099853515625,279.6400146484375,23405200
2022-08-10,283.0907897949219,289.1600036621094,289.80999755859375,286.94000244140625,288.1700134277344,24687800
2022-08-11,280.9956970214844,287.0199890136719,291.2099914550781,286.510009765625,290.8500061035156,20065900
2022-08-12,285.7830810546875,291.9100036621094,291.9100036621094,286.94000244140625,288.4800109863281,22619700
2022-08-15,287.31036376953125,293.4700012207031,294.17999267578125,290.1099853515625,291.0,18085700
2022-08-16,286.5663146972656,292.7099914550781,294.0400085449219,290.4200134277344,291.989990234375,18102900
2022-08-17,285.8108215332031,291.32000732421875,293.3500061035156,289.4700012207031,289.739990234375,18253400
2022-08-18,284.68255615234375,290.1700134277344,291.9100036621094,289.0799865722656,290.19000244140625,17186200
2022-08-19,280.7386169433594,286.1499938964844,289.25,285.55999755859375,288.8999938964844,20570000
2022-08-22,272.49749755859375,277.75,282.4599914550781,277.2200012207031,282.0799865722656,25061100
2022-08-23,271.21221923828125,276.44000244140625,278.8599853515625,275.3999938964844,276.44000244140625,17527400
2022-08-24,270.5745544433594,275.7900085449219,277.2300109863281,275.1099853515625,275.4100036621094,18137000
2022-08-25,273.5766906738281,278.8500061035156,279.0199890136719,274.5199890136719,277.3299865722656,16583400
2022-08-26,263.0201416015625,268.0899963378906,280.3399963378906,267.9800109863281,279.0799865722656,27549300
2022-08-29,260.2142639160156,265.2300109863281,267.3999938964844,263.8500061035156,265.8500061035156,20338500
2022-08-30,257.9969787597656,262.9700012207031,267.04998779296875,260.6600036621094,266.6700134277344,22767100
2022-08-31,256.52532958984375,261.4700012207031,267.1099853515625,261.3299865722656,265.3900146484375,24791800
2022-09-01,255.47557067871094,260.3999938964844,260.8900146484375,255.41000366210938,258.8699951171875,23263400
2022-09-02,251.2176513671875,256.05999755859375,264.739990234375,254.47000122070312,261.70001220703125,22855400
2022-09-06,248.46078491210938,253.25,257.8299865722656,251.94000244140625,256.20001220703125,21328200
2022-09-07,253.20925903320312,258.0899963378906,258.8299865722656,253.22000122070312,254.6999969482422,24126700
2022-09-08,253.63113403320312,258.5199890136719,260.42999267578125,254.7899932861328,257.510009765625,20319900
2022-09-09,259.45880126953125,264.4599914550781,265.2300109863281,260.2900085449219,260.5,22084700
2022-09-12,261.6072998046875,266.6499938964844,267.45001220703125,265.1600036621094,265.7799987792969,18747700
2022-09-13,247.22463989257812,251.99000549316406,260.3999938964844,251.58999633789062,258.8399963378906,33353300
2022-09-14,247.45028686523438,252.22000122070312,254.22999572753906,249.86000061035156,253.52999877929688,23913000
2022-09-15,240.73965454101562,245.3800048828125,251.39999389648438,244.02000427246094,249.77000427246094,31530900
2022-09-16,240.11172485351562,244.74000549316406,245.3000030517578,242.05999755859375,244.25999450683594,39791800
2022-09-19,239.89588928222656,244.52000427246094,245.13999938964844,240.85000610351562,242.47000122070312,26826900
2022-09-20,237.86502075195312,242.4499969482422,243.50999450683594,239.63999938964844,242.07000732421875,26660300
2022-09-21,234.4311981201172,238.9499969482422,247.66000366210938,238.89999389648438,244.27000427246094,28625600
2022-09-22,236.42283630371094,240.97999572753906,243.86000061035156,237.57000732421875,237.8699951171875,31061200
2022-09-23,233.4207000732422,237.9199981689453,241.1300048828125,235.1999969482422,239.5399932861328,34176000
2022-09-26,232.95956420898438,237.4499969482422,241.4499969482422,236.89999389648438,237.0500030517578,27694200
2022-09-27,231.9392547607422,236.41000366210938,241.8000030517578,234.5,239.97999572753906,27018700
2022-09-28,236.51112365722656,241.07000732421875,242.3300018310547,234.72999572753906,236.80999755859375,29029700
2022-09-29,233.0086212158203,237.5,239.9499969482422,234.41000366210938,238.88999938964844,27484200
2022-09-30,228.49562072753906,232.89999389648438,240.5399932861328,232.72999572753906,238.2899932861328,35694800
2022-10-03,236.18734741210938,240.74000549316406,241.61000061035156,234.66000366210938,235.41000366210938,28880400
2022-10-04,244.17343139648438,248.8800048828125,250.36000061035156,244.97999572753906,245.08999633789062,34888400
2022-10-05,244.48736572265625,249.1999969482422,250.5800018310547,244.10000610351562,245.99000549316406,20347100
2022-10-06,242.12294006347656,246.7899932861328,250.33999633789062,246.0800018310547,247.92999267578125,20239900
2022-10-07,229.810302734375,234.24000549316406,241.32000732421875,233.1699981689453,240.89999389648438,37769600
2022-10-10,224.91464233398438,229.25,234.55999755859375,226.72999572753906,233.0500030517578,29743600
2022-10-11,221.1472930908203,225.41000366210938,229.05999755859375,224.11000061035156,227.6199951171875,30474000
2022-10-12,221.48085021972656,225.75,227.86000061035156,223.9600067138672,225.39999389648438,21903900
2022-10-13,229.810302734375,234.24000549316406,236.10000610351562,219.1300048828125,219.85000610351562,42551800
2022-10-14,224.23770141601562,228.55999755859375,237.24000549316406,228.33999633789062,235.5399932861328,30198600
2022-10-17,233.03805541992188,237.52999877929688,238.9600067138672,235.13999938964844,235.82000732421875,28142300
2022-10-18,233.98973083496094,238.5,243.92999267578125,235.3699951171875,243.24000549316406,26329600
2022-10-19,232.0079345703125,236.47999572753906,239.61000061035156,234.2899932861328,237.0399932861328,19985700
2022-10-20,231.68414306640625,236.14999389648438,241.30999755859375,234.8699951171875,235.77000427246094,21811000
2022-10-21,237.54124450683594,242.1199951171875,243.0,234.5,234.74000549316406,26299700
2022-10-24,242.57424926757812,247.25,247.83999633789062,241.3000030517578,243.75999450683594,24911200
2022-10-25,245.9197540283203,250.66000366210938,251.0399932861328,245.8300018310547,247.25999450683594,34775500
2022-10-26,226.9455108642578,231.32000732421875,238.3000030517578,230.05999755859375,231.1699981689453,82543200
2022-10-27,222.46192932128906,226.75,233.69000244140625,225.77999877929688,231.0399932861328,40424600
2022-10-28,231.4094696044922,235.8699951171875,236.60000610351562,226.0500030517578,226.24000549316406,40647700
2022-10-31,227.74017333984375,232.1300048828125,234.9199981689453,231.14999389648438,233.75999450683594,28357300
2022-11-01,223.8551025390625,228.1699981689453,235.74000549316406,227.3300018310547,234.60000610351562,30592300
2022-11-02,215.93768310546875,220.10000610351562,231.3000030517578,220.0399932861328,229.4600067138672,38407000
2022-11-03,210.19830322265625,214.25,220.41000366210938,213.97999572753906,220.08999633789062,36633900
2022-11-04,217.20330810546875,221.38999938964844,221.58999633789062,213.42999267578125,217.5500030517578,36789100
2022-11-07,223.56076049804688,227.8699951171875,228.41000366210938,221.27999877929688,221.99000549316406,33498000
2022-11-08,224.5418243408203,228.8699951171875,231.64999389648438,225.83999633789062,228.6999969482422,28192500
2022-11-09,220.26429748535156,224.50999450683594,228.6300048828125,224.3300018310547,227.3699951171875,27852900
2022-11-10,238.38499450683594,242.97999572753906,243.3300018310547,235.0,235.42999267578125,46268000
2022-11-11,242.43690490722656,247.11000061035156,247.99000549316406,241.92999267578125,242.99000549316406,34620200
2022-11-14,236.9820556640625,241.5500030517578,243.91000366210938,239.2100067138672,241.99000549316406,31123300
2022-11-15,237.3941192626953,241.97000122070312,247.0,240.02999877929688,245.66000366210938,31390100
2022-11-16,237.8269805908203,241.72999572753906,243.8000030517578,240.4199981689453,242.7899932861328,24093300
2022-11-17,237.7777862548828,241.67999267578125,243.25,237.6300048828125,237.77999877929688,23123500
2022-11-18,237.32522583007812,241.22000122070312,243.74000549316406,239.02999877929688,243.50999450683594,27613500
2022-11-21,238.1417999267578,242.0500030517578,244.6699981689453,241.19000244140625,241.42999267578125,26394700
2022-11-22,241.07369995117188,245.02999877929688,245.30999755859375,240.7100067138672,243.58999633789062,19665700
2022-11-23,243.58255004882812,247.5800018310547,248.27999877929688,244.27000427246094,245.11000061035156,19508500
2022-11-25,243.4939727783203,247.49000549316406,248.6999969482422,246.72999572753906,247.30999755859375,9200800
2022-11-28,237.8564910888672,241.75999450683594,246.64999389648438,240.8000030517578,246.0800018310547,24778200
2022-11-29,236.44961547851562,240.3300018310547,242.7899932861328,238.2100067138672,241.39999389648438,17956300
2022-11-30,251.0204620361328,255.13999938964844,255.3300018310547,239.86000061035156,240.57000732421875,47594200
2022-12-01,250.57772827148438,254.69000244140625,256.1199951171875,250.9199981689453,253.8699951171875,26041500
2022-12-02,250.90240478515625,255.02000427246094,256.05999755859375,249.69000244140625,249.82000732421875,21528500
2022-12-05,246.1602325439453,250.1999969482422,253.82000732421875,248.05999755859375,252.00999450683594,23435300
2022-12-06,241.16226196289062,245.1199951171875,251.86000061035156,243.77999877929688,250.82000732421875,22463700
2022-12-07,240.4243621826172,244.3699951171875,246.16000366210938,242.2100067138672,244.8300018310547,20481500
2022-12-08,243.4054412841797,247.39999389648438,248.74000549316406,243.05999755859375,244.83999633789062,22611800
2022-12-09,241.45741271972656,245.4199981689453,248.30999755859375,244.16000366210938,244.6999969482422,20609700
2022-12-12,248.4329376220703,252.50999450683594,252.5399932861328,247.1699981689453,247.4499969482422,30665100
2022-12-13,252.771728515625,256.9200134277344,263.9200134277344,253.07000732421875,261.69000244140625,42196900
2022-12-14,253.06690979003906,257.2200012207031,262.5899963378906,254.30999755859375,257.1300048828125,35410900
2022-12-15,244.9894256591797,249.00999450683594,254.1999969482422,247.33999633789062,253.72000122070312,35560400
2022-12-16,240.73922729492188,244.69000244140625,249.83999633789062,243.50999450683594,248.5500030517578,86102000
2022-12-19,236.5676727294922,240.4499969482422,245.2100067138672,238.7100067138672,244.86000061035156,29696400
2022-12-20,237.8958740234375,241.8000030517578,242.91000366210938,238.4199981689453,239.39999389648438,25150800
2022-12-21,240.4833984375,244.42999267578125,245.6199951171875,240.11000061035156,241.69000244140625,23690600
2022-12-22,234.3441619873047,238.19000244140625,241.99000549316406,233.8699951171875,241.25999450683594,28651700
2022-12-23,234.8754425048828,238.72999572753906,238.8699951171875,233.94000244140625,236.11000061035156,21207000
2022-12-27,233.13404846191406,236.9600067138672,238.92999267578125,235.8300018310547,238.6999969482422,16688600
2022-12-28,230.74327087402344,234.52999877929688,239.72000122070312,234.1699981689453,236.88999938964844,17457100
2022-12-29,237.11862182617188,241.00999450683594,241.9199981689453,235.64999389648438,235.64999389648438,19770700
2022-12-30,235.94781494140625,239.82000732421875,239.9600067138672,236.66000366210938,238.2100067138672,21938500
